name,age,date_of_birth,salary
Jeffrey Gibson,39,1984-08-06,261427
Jason Dunn,29,1995-07-19,159245
Daniel Davis,36,1987-12-23,200051
Angela Lutz,36,1987-08-09,87837
Thomas Patton,57,1967-05-24,96583
Andrew Silva,50,1974-06-05,85729
Anna Carter,33,1991-01-18,262860
John Wilkins,32,1992-03-18,206200
Paul Mcdowell,52,1972-02-15,263952
Chad Johnson,59,1964-11-28,237399
Jennifer Rodriguez,31,1993-02-19,197075
Andrew Phillips,19,2004-09-09,213698
Richard Medina,38,1986-07-01,116536
Brandon Goodman,53,1971-07-10,178156
Jessica Higgins,59,1965-02-04,192084
Adriana Schmidt,55,1968-12-14,264631
Kimberly Torres,46,1977-11-21,166421
Ronald Tran,32,1992-04-26,242668
Jennifer Lewis,57,1966-09-13,216334
Pamela Santos,48,1976-01-30,86093
Shelby Jordan,44,1979-08-12,195856
Jane Howe,55,1968-12-09,112148
Ashley Cox,41,1983-02-10,147907
Dr. Molly Bauer,36,1988-05-26,151586
Sean Jones,19,2004-11-27,123627
Charles Gonzalez,41,1983-06-13,264121
Stephanie Mendez,33,1991-03-20,116574
Lisa Wilkins,21,2002-08-24,252278
Katie Perez,35,1989-01-12,81071
Kaitlin Mcneil,44,1979-11-27,85757
Keith Walker,31,1992-12-28,263451
Charles Turner,56,1967-10-09,187807
Rebecca Wood,46,1978-06-26,131462
Michelle Woodard,20,2003-10-11,90324
Charles Wallace,33,1990-10-25,239033
Emily Everett,46,1977-09-02,220987
Joseph Harris,28,1995-12-15,243336
Douglas Jones,54,1970-04-03,176636
Brittany Bell,51,1973-07-30,177547
Robert Pratt,46,1977-12-28,177498
Wanda Jones,33,1990-10-12,230218
William Mcpherson,24,1999-09-01,108853
Randy Weber,22,2002-03-02,108674
Seth Richardson,32,1992-04-04,192272
Douglas Pope,30,1994-06-21,170361
Matthew Torres,43,1981-04-28,269359
Shannon Ortega,55,1968-10-13,84096
Barbara Cannon,26,1998-02-06,174208
Christopher Conner,28,1995-08-21,107673
Jeffery Blair,43,1981-04-04,94886
